{
  "companyId": "b7848c51-0711-4f1e-891a-dd8c0b75ceeb",
  "authTokenExpireIds": [],
  "createdDate": 1665698286298,
  "currentVersion": 46,
  "customerId": "75e603cb01d0e2497281835ac93b9757",
  "deployedDate": 1665698287225,
  "description": "Cloned on Fri Aug 12 2022 15:19:11 GMT+0000 (Coordinated Universal Time). \nImported on Tue May 10 2022 18:26:34 GMT+0000 (Coordinated Universal Time)",
  "flowStatus": "enabled",
  "name": "BXI-Registration (non-react)",
  "publishedVersion": 46,
  "settings": {
    "csp": "worker-src 'self' blob:; script-src 'self' https://cdn.jsdelivr.net https://code.jquery.com https://devsdk.singularkey.com http://cdnjs.cloudflare.com 'unsafe-inline' 'unsafe-eval';",
    "intermediateLoadingScreenCSS": "",
    "intermediateLoadingScreenHTML": "",
    "cssLinks": [
      "https://assets.pingone.com/ux/end-user/1.7.0/end-user.css"
    ],
    "useCustomCSS": true,
    "debugMode": true,
    "css": "body, .page {\n  background-color: #ededed !important;\n}\n\n.buttonLink {\n  background: none !important;\n  border: none;\n  cursor: pointer;\n  color: #2996cc;\n  font-size: 15px;\n}\n\n.text-info {\n  margin: auto;\n  text-align: center;\n}",
    "logLevel": 3
  },
  "updatedDate": 1665698287225,
  "flowId": "11b30f7ea25930e5a063edc1ef5243a9",
  "versionId": 46,
  "graphData": {
    "elements": {
      "nodes": [
        {
          "data": {
            "id": "l68q24zfrg",
            "nodeType": "EVAL",
            "properties": {
              "1h8u86n5qw": {
                "value": "anyTriggersFalse"
              },
              "z2mcqw4azg": {
                "value": "allTriggersFalse"
              }
            }
          },
          "position": {
            "x": 1919.4376828584795,
            "y": 355.13512373959406
          },
          "group": "nodes",
          "removed": false,
          "selected": false,
          "selectable": true,
          "locked": false,
          "grabbable": true,
          "pannable": false,
          "classes": ""
        },
        {
          "data": {
            "id": "hwm8kns5vd",
            "nodeType": "CONNECTION",
            "connectionId": "3593b8dc86da764d21ca4af3d3be4d8f",
            "connectorId": "pingOneSSOConnector",
            "name": "PingOne-Reg",
            "label": "PingOne - Template",
            "status": "configured",
            "capabilityName": "createUser",
            "type": "action",
            "properties": {
              "username": {
                "value": "[\n  {\n    \"children\": [\n      {\n        \"text\": \"\"\n      },\n      {\n        \"text\": \"\"\n      },\n      {\n        \"type\": \"link\",\n        \"src\": \"http.svg\",\n        \"url\": \"email\",\n        \"data\": \"{{local.6ounnfojy0.payload.output.email}}\",\n        \"tooltip\": \"{{local.6ounnfojy0.payload.output.email}}\",\n        \"children\": [\n          {\n            \"text\": \"email\"\n          }\n        ]\n      },\n      {\n        \"text\": \"\"\n      }\n    ]\n  }\n]"
              },
              "populationId": {
                "value": "[\n  {\n    \"children\": [\n      {\n        \"text\": \"\"\n      },\n      {\n        \"text\": \"\"\n      },\n      {\n        \"type\": \"link\",\n        \"src\": \"variable.svg\",\n        \"url\": \"populationId\",\n        \"data\": \"{{global.variables.populationId}}\",\n        \"tooltip\": \"{{global.variables.populationId}}\",\n        \"children\": [\n          {\n            \"text\": \"populationId\"\n          }\n        ]\n      },\n      {\n        \"text\": \"\"\n      }\n    ]\n  }\n]"
              },
              "email": {
                "value": "[\n  {\n    \"children\": [\n      {\n        \"text\": \"\"\n      },\n      {\n        \"text\": \"\"\n      },\n      {\n        \"type\": \"link\",\n        \"src\": \"http.svg\",\n        \"url\": \"email\",\n        \"data\": \"{{local.6ounnfojy0.payload.output.email}}\",\n        \"tooltip\": \"{{local.6ounnfojy0.payload.output.email}}\",\n        \"children\": [\n          {\n            \"text\": \"email\"\n          }\n        ]\n      },\n      {\n        \"text\": \"\"\n      }\n    ]\n  }\n]"
              },
              "lifecycleStatus": {
                "value": "VERIFICATION_REQUIRED"
              },
              "nodeTitle": {
                "value": "Create PingOne User"
              },
              "password": {
                "value": "[\n  {\n    \"children\": [\n      {\n        \"text\": \"\"\n      },\n      {\n        \"text\": \"\"\n      },\n      {\n        \"type\": \"link\",\n        \"src\": \"http.svg\",\n        \"url\": \"password\",\n        \"data\": \"{{local.fuil2gnc5f.payload.output.password}}\",\n        \"tooltip\": \"{{local.fuil2gnc5f.payload.output.password}}\",\n        \"children\": [\n          {\n            \"text\": \"password\"\n          }\n        ]\n      },\n      {\n        \"text\": \"\"\n      }\n    ]\n  }\n]"
              },
              "passwordForCreateUser": {
                "value": "[\n  {\n    \"children\": [\n      {\n        \"text\": \"\"\n      },\n      {\n        \"text\": \"\"\n      },\n      {\n        \"type\": \"link\",\n        \"src\": \"http.svg\",\n        \"url\": \"password\",\n        \"data\": \"{{local.6ounnfojy0.payload.output.password}}\",\n        \"tooltip\": \"{{local.6ounnfojy0.payload.output.password}}\",\n        \"children\": [\n          {\n            \"text\": \"password\"\n          }\n        ]\n      },\n      {\n        \"text\": \"\"\n      }\n    ]\n  }\n]"
              },
              "given": {
                "value": "[\n  {\n    \"children\": [\n      {\n        \"text\": \"\"\n      },\n      {\n        \"text\": \"\"\n      },\n      {\n        \"type\": \"link\",\n        \"src\": \"http.svg\",\n        \"url\": \"firstName\",\n        \"data\": \"{{local.6ounnfojy0.payload.output.firstName}}\",\n        \"tooltip\": \"{{local.6ounnfojy0.payload.output.firstName}}\",\n        \"children\": [\n          {\n            \"text\": \"firstName\"\n          }\n        ]\n      },\n      {\n        \"text\": \"\"\n      }\n    ]\n  }\n]"
              },
              "family": {
                "value": "[\n  {\n    \"children\": [\n      {\n        \"text\": \"\"\n      },\n      {\n        \"text\": \"\"\n      },\n      {\n        \"type\": \"link\",\n        \"src\": \"http.svg\",\n        \"url\": \"lastName\",\n        \"data\": \"{{local.6ounnfojy0.payload.output.lastName}}\",\n        \"tooltip\": \"{{local.6ounnfojy0.payload.output.lastName}}\",\n        \"children\": [\n          {\n            \"text\": \"lastName\"\n          }\n        ]\n      },\n      {\n        \"text\": \"\"\n      }\n    ]\n  }\n]"
              }
            }
          },
          "position": {
            "x": 1057.4232379703064,
            "y": 339.8424726483456
          },
          "group": "nodes",
          "removed": false,
          "selected": false,
          "selectable": true,
          "locked": false,
          "grabbable": true,
          "pannable": false,
          "classes": ""
        },
        {
          "data": {
            "id": "591k4nizoj",
            "nodeType": "EVAL",
            "properties": {
              "70xyz374za": {
                "value": "allTriggersFalse"
              }
            }
          },
          "position": {
            "x": 1160.810409533764,
            "y": 339.8424726483456
          },
          "group": "nodes",
          "removed": false,
          "selected": false,
          "selectable": true,
          "locked": false,
          "grabbable": true,
          "pannable": false,
          "classes": ""
        },
        {
          "data": {
            "id": "rcbpcr6g10",
            "nodeType": "CONNECTION",
            "connectionId": "3593b8dc86da764d21ca4af3d3be4d8f",
            "connectorId": "pingOneSSOConnector",
            "name": "PingOne-Reg",
            "label": "PingOne - Template",
            "status": "configured",
            "capabilityName": "verifyEmail",
            "type": "action",
            "properties": {
              "identifier": {
                "value": "[\n  {\n    \"children\": [\n      {\n        \"text\": \"\"\n      },\n      {\n        \"text\": \"\"\n      },\n      {\n        \"type\": \"link\",\n        \"src\": \"pingIdentity.svg\",\n        \"url\": \"id\",\n        \"data\": \"{{local.hwm8kns5vd.payload.output.rawResponse.id}}\",\n        \"tooltip\": \"{{local.hwm8kns5vd.payload.output.rawResponse.id}}\",\n        \"children\": [\n          {\n            \"text\": \"id\"\n          }\n        ]\n      },\n      {\n        \"text\": \"\"\n      }\n    ]\n  }\n]"
              },
              "verificationCode": {
                "value": "[\n  {\n    \"children\": [\n      {\n        \"text\": \"\"\n      },\n      {\n        \"text\": \"\"\n      },\n      {\n        \"type\": \"link\",\n        \"src\": \"http.svg\",\n        \"url\": \"verificationCode\",\n        \"data\": \"{{local.o78x4f3fpw.payload.output.verificationCode}}\",\n        \"tooltip\": \"{{local.o78x4f3fpw.payload.output.verificationCode}}\",\n        \"children\": [\n          {\n            \"text\": \"verificationCode\"\n          }\n        ]\n      },\n      {\n        \"text\": \"\"\n      }\n    ]\n  }\n]"
              },
              "nodeTitle": {
                "value": "Validate Verification Code"
              }
            }
          },
          "position": {
            "x": 1778.3025591188855,
            "y": 355.13512373959406
          },
          "group": "nodes",
          "removed": false,
          "selected": false,
          "selectable": true,
          "locked": false,
          "grabbable": true,
          "pannable": false,
          "classes": ""
        },
        {
          "data": {
            "id": "z2mcqw4azg",
            "nodeType": "CONNECTION",
            "connectionId": "6d8f6f706c45fd459a86b3f092602544",
            "connectorId": "errorConnector",
            "name": "Error Customize",
            "label": "errorConnector",
            "status": "configured",
            "capabilityName": "customErrorMessage",
            "type": "action",
            "properties": {
              "nodeTitle": {
                "value": "Unexpected Error"
              },
              "errorMessage": {
                "value": "[\n  {\n    \"children\": [\n      {\n        \"text\": \"\"\n      },\n      {\n        \"text\": \"\"\n      },\n      {\n        \"type\": \"link\",\n        \"src\": \"pingIdentity.svg\",\n        \"url\": \"message\",\n        \"data\": \"{{local.rcbpcr6g10.payload.error.message}}\",\n        \"tooltip\": \"{{local.rcbpcr6g10.payload.error.message}}\",\n        \"children\": [\n          {\n            \"text\": \"message\"\n          }\n        ]\n      },\n      {\n        \"text\": \"\"\n      }\n    ]\n  }\n]"
              },
              "backgroundColor": {
                "value": "#d0021bff"
              }
            }
          },
          "position": {
            "x": 2173.480905589749,
            "y": 552.7242969750258
          },
          "group": "nodes",
          "removed": false,
          "selected": false,
          "selectable": true,
          "locked": false,
          "grabbable": true,
          "pannable": false,
          "classes": ""
        },
        {
          "data": {
            "id": "70xyz374za",
            "nodeType": "CONNECTION",
            "connectionId": "6d8f6f706c45fd459a86b3f092602544",
            "connectorId": "errorConnector",
            "name": "Error Customize",
            "label": "errorConnector",
            "status": "configured",
            "capabilityName": "customErrorMessage",
            "type": "action",
            "properties": {
              "nodeTitle": {
                "value": "Unexpected Error"
              },
              "errorMessage": {
                "value": "[\n  {\n    \"children\": [\n      {\n        \"text\": \"\"\n      },\n      {\n        \"text\": \"\"\n      },\n      {\n        \"type\": \"link\",\n        \"src\": \"pingIdentity.svg\",\n        \"url\": \"message\",\n        \"data\": \"{{local.hwm8kns5vd.payload.error.message}}\",\n        \"tooltip\": \"{{local.hwm8kns5vd.payload.error.message}}\",\n        \"children\": [\n          {\n            \"text\": \"message\"\n          }\n        ]\n      },\n      {\n        \"text\": \"\"\n      }\n    ]\n  }\n]"
              },
              "backgroundColor": {
                "value": "#d0021bff"
              }
            }
          },
          "position": {
            "x": 1470.9719242241363,
            "y": 546.6168157752605
          },
          "group": "nodes",
          "removed": false,
          "selected": false,
          "selectable": true,
          "locked": false,
          "grabbable": true,
          "pannable": false,
          "classes": ""
        },
        {
          "data": {
            "id": "q3tujxeb1w",
            "nodeType": "EVAL"
          },
          "position": {
            "x": 798.9553090616628,
            "y": 339.8424726483456
          },
          "group": "nodes",
          "removed": false,
          "selected": false,
          "selectable": true,
          "locked": false,
          "grabbable": true,
          "pannable": false,
          "classes": ""
        },
        {
          "data": {
            "id": "o78x4f3fpw",
            "nodeType": "CONNECTION",
            "connectionId": "867ed4363b2bc21c860085ad2baa817d",
            "connectorId": "httpConnector",
            "name": "Http",
            "label": "Http (Use this for form + custom messages)",
            "status": "configured",
            "capabilityName": "customHTMLTemplate",
            "type": "trigger",
            "properties": {
              "nodeTitle": {
                "value": "Prompt for Verification Code"
              },
              "customHTML": {
                "value": "<h1 class=\"dialog-header text-center bxi-ff-secondary fw-bold mb-4\">Thank you!</h1>\n<div class=\"dialog-container bxi-color-light\">\n  <form class=\"dialog-form dialog-content__form\" id=\"verificationCodeForm\">\n    <div class=\"d-flex justify-content-center my-5\">\n      <svg fill=\"none\" height=\"29\" viewbox=\"0 0 35 29\" width=\"35\" xmlns=\"http://www.w3.org/2000/svg\">\n        <mask fill=\"white\" id=\"path-1-inside-1_152_355\">\n          <rect height=\"28.6364\" rx=\"2\" width=\"35\"/>\n        </mask>\n        <rect height=\"28.6364\" mask=\"url(#path-1-inside-1_152_355)\" rx=\"2\" stroke-opacity=\"0.6\" stroke-width=\"6\" stroke=\"#0E264C\" width=\"35\"/>\n        <path d=\"M2.38672 1.59082L16.2611 12.5443C16.9877 13.1179 18.013 13.1179 18.7396 12.5443L32.614 1.59082\" stroke-opacity=\"0.6\" stroke-width=\"3\" stroke=\"#0E264C\"/>\n      </svg>\n    </div>\n    <p class=\"text-center mb-3\">\n        We’ve sent a verification email to your email address. Please verify your email to finish setting up your account.\n    </p>\n    <div data-skcomponent=\"skerror\" style=\"text-align: center; color: red; padding-bottom: 1rem;\"\n      class=\"feedback feedback--error sk-alert sk-alert-danger has-text-danger has-background-danger-light text-center text-danger pb-3\"\n      data-id=\"feedback\" data-skvisibility=\"\"></div>\n    <div class=\"mb-4 row\">\n      <div class=\"col-8 offset-2 col-sm-6 offset-sm-3\">\n        <input class=\"form-control\" id=\"verificationCode\" name=\"verificationCode\" type=\"text\" autocomplete=\"on\" />\n        <div data-skcomponent=\"skerrormessage\" class=\"text-danger\" data-skerrorid=\"verificationCode\"></div>  \n      </div>\n    </div>\n    <button class=\"bxi-button bxi-button--md bxi-button--submit d-block mx-auto mb-3\" type=\"submit\" data-skcomponent=\"skbutton\" data-skbuttontype=\"form-submit\" data-skform=\"verificationCodeForm\" data-skbuttonvalue=\"submit\">Verify</button>\n  </form>\n</div>"
              },
              "formFieldsList": {
                "value": [
                  {
                    "propertyName": "verificationCode",
                    "preferredControlType": "textField",
                    "preferredDataType": "string",
                    "value": "",
                    "hashedVisibility": false,
                    "displayName": "Verification Code"
                  },
                  {
                    "preferredControlType": "textField",
                    "preferredDataType": "string",
                    "propertyName": "buttonValue"
                  }
                ]
              },
              "validationRules": {
                "value": [
                  {
                    "propertyName": "verificationCode",
                    "rules": [
                      {
                        "ruleName": "presence",
                        "message": "Input OTP code you received"
                      }
                    ]
                  }
                ]
              }
            }
          },
          "position": {
            "x": 1467.8052868917785,
            "y": 355.13512373959406
          },
          "group": "nodes",
          "removed": false,
          "selected": false,
          "selectable": true,
          "locked": false,
          "grabbable": true,
          "pannable": false,
          "classes": ""
        },
        {
          "data": {
            "id": "b03wrisvgh",
            "nodeType": "EVAL"
          },
          "position": {
            "x": 1574.359095787594,
            "y": 339.8424726483456
          },
          "group": "nodes",
          "removed": false,
          "selected": false,
          "selectable": true,
          "locked": false,
          "grabbable": true,
          "pannable": false,
          "classes": ""
        },
        {
          "data": {
            "id": "3p9s1p9kfx",
            "nodeType": "CONNECTION",
            "connectionId": "06922a684039827499bdbdd97f49827b",
            "connectorId": "variablesConnector",
            "name": "Variables",
            "label": "WesVariables",
            "status": "configured",
            "capabilityName": "saveValue",
            "type": "trigger",
            "properties": {
              "nodeTitle": {
                "value": "Set Variables"
              },
              "saveVariables": {
                "value": [
                  {
                    "name": "populationId",
                    "value": "[\n  {\n    \"children\": [\n      {\n        \"text\": \"75684b77-9e91-418d-a2f0-168ff6afcb9e\"\n      }\n    ]\n  }\n]",
                    "key": 0.7679110133136258,
                    "label": "populationId (string - flowInstance)",
                    "type": "string"
                  },
                  {
                    "name": "agreementId",
                    "value": "[\n  {\n    \"children\": [\n      {\n        \"text\": \"84341489-1896-4617-b397-a31d5c16d84d\"\n      }\n    ]\n  }\n]",
                    "key": 0.7151854805277726,
                    "label": "agreementId (string - flowInstance)",
                    "type": "string"
                  }
                ]
              }
            }
          },
          "position": {
            "x": 336.344093826993,
            "y": 344.22756731649395
          },
          "group": "nodes",
          "removed": false,
          "selected": false,
          "selectable": true,
          "locked": false,
          "grabbable": true,
          "pannable": false,
          "classes": ""
        },
        {
          "data": {
            "id": "bzmvingg2c",
            "nodeType": "EVAL"
          },
          "position": {
            "x": 440.9006239686234,
            "y": 344.22756731649395
          },
          "group": "nodes",
          "removed": false,
          "selected": false,
          "selectable": true,
          "locked": false,
          "grabbable": true,
          "pannable": false,
          "classes": ""
        },
        {
          "data": {
            "id": "6ounnfojy0",
            "nodeType": "CONNECTION",
            "connectionId": "867ed4363b2bc21c860085ad2baa817d",
            "connectorId": "httpConnector",
            "name": "Http",
            "label": "Http (Use this for form + custom messages)",
            "status": "configured",
            "capabilityName": "customHTMLTemplate",
            "type": "trigger",
            "properties": {
              "nodeTitle": {
                "value": "Registration Form"
              },
              "formFieldsList": {
                "value": [
                  {
                    "propertyName": "email",
                    "preferredControlType": "textField",
                    "preferredDataType": "string",
                    "value": "",
                    "hashedVisibility": false,
                    "displayName": "Email"
                  },
                  {
                    "propertyName": "password",
                    "preferredControlType": "textField",
                    "preferredDataType": "string",
                    "value": "",
                    "hashedVisibility": true,
                    "displayName": "Password"
                  },
                  {
                    "preferredControlType": "textField",
                    "preferredDataType": "string",
                    "propertyName": "buttonValue"
                  },
                  {
                    "propertyName": "firstName",
                    "preferredControlType": "textField",
                    "preferredDataType": "string",
                    "value": "",
                    "hashedVisibility": false
                  },
                  {
                    "propertyName": "lastName",
                    "preferredControlType": "textField",
                    "preferredDataType": "string",
                    "value": "",
                    "hashedVisibility": false
                  }
                ]
              },
              "customHTML": {
                "value": "<h1 class=\"dialog-header text-center bxi-ff-secondary fw-bold mb-4\">Create Your Profile</h1>\n<form class=\"dialog-container bxi-color-light\" id=\"registrationForm\">\n    <div data-skcomponent=\"skerror\" data-id=\"feedback\" data-skvisibility=\"\"\n        class=\"feedback feedback--error sk-alert sk-alert-danger has-text-danger has-background-danger-light text-danger text-center pb-3\"></div>\n    <div class=\"mb-3\"> \n        <label class=\"form-label mb-1\" for=\"email\">Email</label>\n        <input class=\"form-control\" id=\"email\" name=\"email\" type=\"Email\" autocomplete=\"on\" />\n        <div data-skcomponent=\"skerrormessage\" class=\"text-danger\" data-skerrorid=\"email\"></div>\n    </div>\n    <div class=\"mb-3\"> \n        <label class=\"form-label mb-1\" for=\"password\">Password</label> \n        <input class=\"form-control\" id=\"password\" name=\"password\" type=\"password\" autocomplete=\"on\" />\n        <div data-skcomponent=\"skerrormessage\" class=\"text-danger\" data-skerrorid=\"password\"></div>\n    </div>\n    <div class=\"mb-3\"> \n        <label class=\"form-label mb-1\" for=\"firstName\">First Name</label> \n        <input class=\"form-control\" id=\"firstName\" name=\"firstName\" type=\"text\" autocomplete=\"on\" />\n        <div data-skcomponent=\"skerrormessage\" class=\"text-danger\" data-skerrorid=\"firstName\"></div>\n    </div>\n    <div class=\"mb-4\"> \n        <label class=\"form-label mb-1\" for=\"lastName\">Last Name</label> \n        <input class=\"form-control\" id=\"lastName\" name=\"lastName\" type=\"text\" autocomplete=\"on\" />\n        <div data-skcomponent=\"skerrormessage\" class=\"text-danger\" data-skerrorid=\"lastName\"></div>\n    </div>\n    <button class=\"bxi-button bxi-button--md bxi-button--submit d-block mx-auto mb-4\" data-skcomponent=\"skbutton\" data-skbuttontype=\"form-submit\" data-skform=\"registrationForm\" data-skbuttonvalue=\"submit\" type=\"submit\">Register</button>\n</form>\n<!-- \n<div class=\"app-container\">\n    <div class=\"page__content\" style=\"height: 100%;\">\n              <div class=\"card card--no-padding\">\n            <div class=\"card__content\">\n                <!-- Form Heading & Text\n                <div class=\"dialog-content-header dialog-content__header\">\n                    <h1 class=\"dialog-content-header__title\" data-id=\"register-heading\" style-\"text-align: center\">Create Your Profile</h1><br>       \n                    <p class=\"dialog-form-message\" style-\"text-align: center\">Enter the required information below.</p><br>\n                <div>\n\n                <form class=\"dialog-container\" id='registrationForm' data-id=\"registrationForm\">\n                    <div data-skcomponent=\"skerror\" style=\"color: red; padding-bottom: 1rem; text-align: center;\"\n                        class=\"feedback feedback--error sk-alert sk-alert-danger has-text-danger has-background-danger-light\"\n                        data-id=\"feedback\" data-skvisibility=\"\"></div>\n                    <div class=\"form-group dialog-form__form-group\"> \n                        <label class=\"form-group__label\" for=\"email\">Email</label>\n                        <input class=\"form-group__input\" data-id=\"email-input\" id=\"email\" name=\"email\" type=\"Email\" autocomplete=\"on\" value=\"\" />\n                        <div data-skcomponent=\"skerrormessage\" class=\"input-error-msg\" data-skerrorid=\"email\"></div>\n                    </div>\n                    <div class=\"form-group dialog-form__form-group\"> \n                        <label class=\"form-group__label\" for=\"password\">Password</label> \n                        <input class=\"form-group__input\" data-id=\"password-input\" id=\"password\" name=\"password\" type=\"password\" autocomplete=\"on\" value=\"\" />\n                        <div data-skcomponent=\"skerrormessage\" class=\"input-error-msg\" data-skerrorid=\"password\"></div>\n                    </div>\n                    <div class=\"form-group dialog-form__form-group\"> \n                        <label class=\"form-group__label\" for=\"firstName\">First Name</label> \n                        <input class=\"form-group__input\" data-id=\"first-name-input\" id=\"firstName\" name=\"firstName\" type=\"text\" autocomplete=\"on\" value=\"\" />\n                        <div data-skcomponent=\"skerrormessage\" class=\"input-error-msg\" data-skerrorid=\"firstName\"></div>\n                    </div>\n                    <div class=\"form-group dialog-form__form-group\"> \n                        <label class=\"form-group__label\" for=\"lastName\">Last Name</label> \n                        <input class=\"form-group__input\" data-id=\"last-name-input\" id=\"lastName\" name=\"lastName\" type=\"text\" autocomplete=\"on\" value=\"\" />\n                        <div data-skcomponent=\"skerrormessage\" class=\"input-error-msg\" data-skerrorid=\"lastName\"></div>\n                    </div>\n                    <div class=\"control\">\n                        <button class=\"dialog-form__submit-button button button--md\" data-id=\"button\" type=\"submit\" data-skcomponent=\"skbutton\" data-skbuttontype=\"form-submit\" data-skform=\"registrationForm\" data-skbuttonvalue=\"submit\">\n                            Continue<i class=\"fas fa-forward ml-2\"></i></button>\n                    </div>\n                </form>\n            </div>\n        </div>\n    </div>\n</div> -->"
              },
              "customCSS": {},
              "validationRules": {
                "value": [
                  {
                    "propertyName": "email",
                    "rules": [
                      {
                        "ruleName": "email",
                        "message": "Must be a valid email format."
                      },
                      {
                        "ruleName": "presence",
                        "message": "Email is a required field."
                      }
                    ]
                  },
                  {
                    "propertyName": "password",
                    "rules": [
                      {
                        "ruleName": "presence",
                        "message": "Password is a required field."
                      },
                      {
                        "ruleName": "format",
                        "pattern": "^(?=.*[a-z])(?=.*[A-Z])(?=.*\\d)(?=.*[@$!.,%*?&])[A-Za-z\\d@$!.,%*?&]{8,}$",
                        "message": "Must contain 8 or more characters that are of at least one number, and one uppercase, one lowercase letter, and one or more of the following special characters @$!.,%*?&."
                      }
                    ]
                  },
                  {
                    "propertyName": "firstName",
                    "rules": [
                      {
                        "ruleName": "presence",
                        "message": "First name is a required field."
                      }
                    ]
                  },
                  {
                    "propertyName": "lastName",
                    "rules": [
                      {
                        "ruleName": "presence",
                        "message": "Last name is a required field."
                      }
                    ]
                  }
                ]
              }
            }
          },
          "position": {
            "x": 690,
            "y": 352
          },
          "group": "nodes",
          "removed": false,
          "selected": false,
          "selectable": true,
          "locked": false,
          "grabbable": true,
          "pannable": false,
          "classes": ""
        },
        {
          "data": {
            "id": "gztsef6onx",
            "nodeType": "ANNOTATION",
            "name": "Annotation",
            "connectionId": "921bfae85c38ed45045e07be703d86b8",
            "connectorId": "annotationConnector",
            "capabilityName": "updateAnnotationProperties",
            "type": "action",
            "properties": {
              "backgroundColor": {
                "value": "#B5DFFF"
              },
              "annotation": {
                "value": "Set Environment Variables"
              }
            },
            "status": "configured"
          },
          "position": {
            "x": 214,
            "y": 234.41082676456827
          },
          "group": "nodes",
          "removed": false,
          "selected": false,
          "selectable": true,
          "locked": false,
          "grabbable": true,
          "pannable": false,
          "classes": ""
        },
        {
          "data": {
            "id": "2tgejm3zfe",
            "nodeType": "ANNOTATION",
            "name": "Annotation",
            "connectionId": "921bfae85c38ed45045e07be703d86b8",
            "connectorId": "annotationConnector",
            "capabilityName": "updateAnnotationProperties",
            "type": "action",
            "properties": {
              "backgroundColor": {
                "value": "#B5DFFF"
              },
              "annotation": {
                "value": "Standard Registration Form"
              }
            },
            "status": "configured"
          },
          "position": {
            "x": 566.3341730438834,
            "y": 236.4553010848882
          },
          "group": "nodes",
          "removed": false,
          "selected": false,
          "selectable": true,
          "locked": false,
          "grabbable": true,
          "pannable": false,
          "classes": ""
        },
        {
          "data": {
            "id": "ygdb4rzaqb",
            "nodeType": "ANNOTATION",
            "name": "Annotation",
            "connectionId": "921bfae85c38ed45045e07be703d86b8",
            "connectorId": "annotationConnector",
            "capabilityName": "updateAnnotationProperties",
            "type": "action",
            "properties": {
              "backgroundColor": {
                "value": "#B5DFFF"
              },
              "annotation": {
                "value": "Create New User in PingOne"
              }
            },
            "status": "configured"
          },
          "position": {
            "x": 928.1892735159846,
            "y": 236.4553010848882
          },
          "group": "nodes",
          "removed": false,
          "selected": false,
          "selectable": true,
          "locked": false,
          "grabbable": true,
          "pannable": false,
          "classes": ""
        },
        {
          "data": {
            "id": "i770zdsxox",
            "nodeType": "ANNOTATION",
            "name": "Annotation",
            "connectionId": "921bfae85c38ed45045e07be703d86b8",
            "connectorId": "annotationConnector",
            "capabilityName": "updateAnnotationProperties",
            "type": "action",
            "properties": {
              "backgroundColor": {
                "value": "#B5DFFF"
              },
              "annotation": {
                "value": "Enter Verification Code"
              }
            },
            "status": "configured"
          },
          "position": {
            "x": 1354.8971879001033,
            "y": 242.22702474791882
          },
          "group": "nodes",
          "removed": false,
          "selected": false,
          "selectable": true,
          "locked": false,
          "grabbable": true,
          "pannable": false,
          "classes": ""
        },
        {
          "data": {
            "id": "gnsx84krhs",
            "nodeType": "ANNOTATION",
            "name": "Annotation",
            "connectionId": "921bfae85c38ed45045e07be703d86b8",
            "connectorId": "annotationConnector",
            "capabilityName": "updateAnnotationProperties",
            "type": "action",
            "properties": {
              "backgroundColor": {
                "value": "#B5DFFF"
              },
              "annotation": {
                "value": "Error Page"
              }
            },
            "status": "configured"
          },
          "position": {
            "x": 1367.584752660679,
            "y": 443.22964421180313
          },
          "group": "nodes",
          "removed": false,
          "selected": false,
          "selectable": true,
          "locked": false,
          "grabbable": true,
          "pannable": false,
          "classes": ""
        },
        {
          "data": {
            "id": "9sg0yk8eq1",
            "nodeType": "ANNOTATION",
            "name": "Annotation",
            "connectionId": "921bfae85c38ed45045e07be703d86b8",
            "connectorId": "annotationConnector",
            "capabilityName": "updateAnnotationProperties",
            "type": "action",
            "properties": {
              "backgroundColor": {
                "value": "#B5DFFF"
              },
              "annotation": {
                "value": "Validate Verification Code"
              }
            },
            "status": "configured"
          },
          "position": {
            "x": 1665.3944601272103,
            "y": 214
          },
          "group": "nodes",
          "removed": false,
          "selected": false,
          "selectable": true,
          "locked": false,
          "grabbable": true,
          "pannable": false,
          "classes": ""
        },
        {
          "data": {
            "id": "f3jjbwbmk8",
            "nodeType": "ANNOTATION",
            "name": "Annotation",
            "connectionId": "921bfae85c38ed45045e07be703d86b8",
            "connectorId": "annotationConnector",
            "capabilityName": "updateAnnotationProperties",
            "type": "action",
            "properties": {
              "backgroundColor": {
                "value": "#B5DFFF"
              },
              "annotation": {
                "value": "Error Page"
              }
            },
            "status": "configured"
          },
          "position": {
            "x": 2088.7998313459925,
            "y": 468.04322273126934
          },
          "group": "nodes",
          "removed": false,
          "selected": false,
          "selectable": true,
          "locked": false,
          "grabbable": true,
          "pannable": false,
          "classes": ""
        },
        {
          "data": {
            "id": "omghnpt8gt",
            "nodeType": "CONNECTION",
            "connectionId": "4a67f24c68f236a714cedbbb313f7831",
            "connectorId": "pingOneMfaConnector",
            "name": "PingOne MFA - NEW",
            "label": "Ping One Mfa [2022-05-03]",
            "status": "configured",
            "capabilityName": "updateUserMFAEnabled",
            "type": "action",
            "properties": {
              "userId": {
                "value": "[\n  {\n    \"children\": [\n      {\n        \"text\": \"\"\n      },\n      {\n        \"text\": \"\"\n      },\n      {\n        \"type\": \"link\",\n        \"src\": \"pingIdentity.svg\",\n        \"url\": \"id\",\n        \"data\": \"{{local.hwm8kns5vd.payload.output.user.id}}\",\n        \"tooltip\": \"{{local.hwm8kns5vd.payload.output.user.id}}\",\n        \"children\": [\n          {\n            \"text\": \"id\"\n          }\n        ]\n      },\n      {\n        \"text\": \"\"\n      }\n    ]\n  }\n]"
              },
              "nodeTitle": {
                "value": "Update MFA Status"
              }
            }
          },
          "position": {
            "x": 2088.7998313459925,
            "y": 355.13512373959406
          },
          "group": "nodes",
          "removed": false,
          "selected": false,
          "selectable": true,
          "locked": false,
          "grabbable": true,
          "pannable": false,
          "classes": ""
        },
        {
          "data": {
            "id": "64lc0zonuu",
            "nodeType": "EVAL",
            "properties": {
              "kotjm31vdk": {
                "value": "allTriggersFalse"
              }
            }
          },
          "position": {
            "x": 2201.7079303376677,
            "y": 355.13512373959406
          },
          "group": "nodes",
          "removed": false,
          "selected": false,
          "selectable": true,
          "locked": false,
          "grabbable": true,
          "pannable": false,
          "classes": ""
        },
        {
          "data": {
            "id": "9g1rb2rxt5",
            "nodeType": "EVAL",
            "properties": {
              "kotjm31vdk": {
                "value": "allTriggersFalse"
              }
            }
          },
          "position": {
            "x": 2512.205202564775,
            "y": 355.13512373959406
          },
          "group": "nodes",
          "removed": false,
          "selected": false,
          "selectable": true,
          "locked": false,
          "grabbable": true,
          "pannable": false,
          "classes": ""
        },
        {
          "data": {
            "id": "kotjm31vdk",
            "nodeType": "CONNECTION",
            "connectionId": "6d8f6f706c45fd459a86b3f092602544",
            "connectorId": "errorConnector",
            "name": "Error Customize",
            "label": "Error Customize",
            "status": "configured",
            "capabilityName": "customErrorMessage",
            "type": "action",
            "properties": {
              "backgroundColor": {
                "value": "#d0021bff"
              },
              "nodeTitle": {
                "value": "Error Reading Agreement"
              }
            }
          },
          "position": {
            "x": 2879.1565242877195,
            "y": 552.7242969750258
          },
          "group": "nodes",
          "removed": false,
          "selected": false,
          "selectable": true,
          "locked": false,
          "grabbable": true,
          "pannable": false,
          "classes": ""
        },
        {
          "data": {
            "id": "3f6ujf7jzl",
            "nodeType": "ANNOTATION",
            "name": "Annotation",
            "connectionId": "921bfae85c38ed45045e07be703d86b8",
            "connectorId": "annotationConnector",
            "capabilityName": "updateAnnotationProperties",
            "type": "action",
            "properties": {
              "backgroundColor": {
                "value": "#B5DFFF"
              },
              "annotation": {
                "value": "Error Page"
              }
            },
            "status": "configured",
            "idUnique": "rj1c1gq4k2"
          },
          "position": {
            "x": 2790,
            "y": 472
          },
          "group": "nodes",
          "removed": false,
          "selected": false,
          "selectable": true,
          "locked": false,
          "grabbable": true,
          "pannable": false,
          "classes": ""
        },
        {
          "data": {
            "id": "m1q6yd45x0",
            "nodeType": "ANNOTATION",
            "name": "Annotation",
            "connectionId": "921bfae85c38ed45045e07be703d86b8",
            "connectorId": "annotationConnector",
            "capabilityName": "updateAnnotationProperties",
            "type": "action",
            "properties": {
              "backgroundColor": {
                "value": "#B5DFFF"
              },
              "annotation": {
                "value": "MFA Email Enrollment"
              }
            },
            "status": "configured",
            "idUnique": "hfwlju74o9"
          },
          "position": {
            "x": 2117.026856093911,
            "y": 214
          },
          "group": "nodes",
          "removed": false,
          "selected": false,
          "selectable": true,
          "locked": false,
          "grabbable": true,
          "pannable": false,
          "classes": ""
        },
        {
          "data": {
            "id": "rogr26k0ca",
            "nodeType": "CONNECTION",
            "connectionId": "4a67f24c68f236a714cedbbb313f7831",
            "connectorId": "pingOneMfaConnector",
            "name": "PingOne MFA - NEW",
            "label": "PingOne MFA",
            "status": "configured",
            "capabilityName": "createDevice",
            "type": "action",
            "properties": {
              "userId": {
                "value": "[\n  {\n    \"children\": [\n      {\n        \"text\": \"\"\n      },\n      {\n        \"text\": \"\"\n      },\n      {\n        \"text\": \"\"\n      },\n      {\n        \"type\": \"link\",\n        \"src\": \"pingIdentity.svg\",\n        \"url\": \"id\",\n        \"data\": \"{{local.hwm8kns5vd.payload.output.user.id}}\",\n        \"tooltip\": \"{{local.hwm8kns5vd.payload.output.user.id}}\",\n        \"children\": [\n          {\n            \"text\": \"id\"\n          }\n        ]\n      },\n      {\n        \"text\": \"\"\n      }\n    ]\n  }\n]"
              },
              "deviceType": {
                "value": "[\n  {\n    \"children\": [\n      {\n        \"text\": \"EMAIL\"\n      }\n    ]\n  }\n]"
              },
              "status": {
                "value": "ACTIVE"
              },
              "email": {
                "value": "[\n  {\n    \"children\": [\n      {\n        \"text\": \"\"\n      },\n      {\n        \"text\": \"\"\n      },\n      {\n        \"type\": \"link\",\n        \"src\": \"http.svg\",\n        \"url\": \"email\",\n        \"data\": \"{{local.6ounnfojy0.payload.output.email}}\",\n        \"tooltip\": \"{{local.6ounnfojy0.payload.output.email}}\",\n        \"children\": [\n          {\n            \"text\": \"email\"\n          }\n        ]\n      },\n      {\n        \"text\": \"\"\n      }\n    ]\n  }\n]"
              }
            }
          },
          "position": {
            "x": 2370,
            "y": 360
          },
          "group": "nodes",
          "removed": false,
          "selected": false,
          "selectable": true,
          "locked": false,
          "grabbable": true,
          "pannable": false,
          "classes": ""
        },
        {
          "data": {
            "id": "b8rukf20sm",
            "nodeType": "CONNECTION",
            "connectionId": "867ed4363b2bc21c860085ad2baa817d",
            "connectorId": "httpConnector",
            "name": "Http",
            "label": "Http",
            "status": "configured",
            "capabilityName": "customHTMLTemplate",
            "type": "trigger",
            "properties": {
              "claimsNameValuePairs": {
                "value": [
                  {
                    "name": "Username",
                    "value": "[\n  {\n    \"children\": [\n      {\n        \"text\": \"\"\n      },\n      {\n        \"text\": \"\"\n      },\n      {\n        \"type\": \"link\",\n        \"src\": \"pingIdentity.svg\",\n        \"url\": \"given\",\n        \"data\": \"{{local.hwm8kns5vd.payload.output.user.name.given}}\",\n        \"tooltip\": \"{{local.hwm8kns5vd.payload.output.user.name.given}}\",\n        \"children\": [\n          {\n            \"text\": \"given\"\n          }\n        ]\n      },\n      {\n        \"text\": \"\"\n      }\n    ]\n  }\n]",
                    "key": 0.8514101491635393,
                    "label": "Username (string - flowInstance)",
                    "type": "string",
                    "nameDefault": "given"
                  }
                ]
              },
              "customHTML": {
                "value": "[\n  {\n    \"children\": [\n      {\n        \"text\": \"<div class=\\\"dialog-container bxi-color-light\\\">   \\n    <h1 class=\\\"dialog-header text-center bxi-ff-secondary fw-bold mb-4\\\">Success</h1>\\n    <p class=\\\"text-center mb-5\\\">Congratulations, you have successfully completed registration.</p>\\n</div>\"\n      }\n    ]\n  }\n]"
              }
            }
          },
          "position": {
            "x": 2820,
            "y": 352
          },
          "group": "nodes",
          "removed": false,
          "selected": false,
          "selectable": true,
          "locked": false,
          "grabbable": true,
          "pannable": false,
          "classes": ""
        }
      ],
      "edges": [
        {
          "data": {
            "id": "ms8i4ffyqk",
            "source": "hwm8kns5vd",
            "target": "591k4nizoj"
          },
          "position": {
            "x": 0,
            "y": 0
          },
          "group": "edges",
          "removed": false,
          "selected": false,
          "selectable": true,
          "locked": false,
          "grabbable": true,
          "pannable": true,
          "classes": ""
        },
        {
          "data": {
            "id": "ymapwsc2uj",
            "source": "bzmvingg2c",
            "target": "6ounnfojy0"
          },
          "position": {
            "x": 0,
            "y": 0
          },
          "group": "edges",
          "removed": false,
          "selected": false,
          "selectable": true,
          "locked": false,
          "grabbable": true,
          "pannable": true,
          "classes": ""
        },
        {
          "data": {
            "id": "lporlaz6lu",
            "source": "l68q24zfrg",
            "target": "z2mcqw4azg"
          },
          "position": {
            "x": 0,
            "y": 0
          },
          "group": "edges",
          "removed": false,
          "selected": false,
          "selectable": true,
          "locked": false,
          "grabbable": true,
          "pannable": true,
          "classes": ""
        },
        {
          "data": {
            "id": "7jso3e9be6",
            "source": "64lc0zonuu",
            "target": "kotjm31vdk"
          },
          "position": {
            "x": 0,
            "y": 0
          },
          "group": "edges",
          "removed": false,
          "selected": false,
          "selectable": true,
          "locked": false,
          "grabbable": true,
          "pannable": true,
          "classes": ""
        },
        {
          "data": {
            "id": "v52dpqh660",
            "source": "omghnpt8gt",
            "target": "64lc0zonuu"
          },
          "position": {
            "x": 0,
            "y": 0
          },
          "group": "edges",
          "removed": false,
          "selected": false,
          "selectable": true,
          "locked": false,
          "grabbable": true,
          "pannable": true,
          "classes": ""
        },
        {
          "data": {
            "id": "iuw0q5p8eh",
            "source": "b03wrisvgh",
            "target": "rcbpcr6g10"
          },
          "position": {
            "x": 0,
            "y": 0
          },
          "group": "edges",
          "removed": false,
          "selected": false,
          "selectable": true,
          "locked": false,
          "grabbable": true,
          "pannable": true,
          "classes": ""
        },
        {
          "data": {
            "id": "ys95cc6ygz",
            "source": "3p9s1p9kfx",
            "target": "bzmvingg2c"
          },
          "position": {
            "x": 0,
            "y": 0
          },
          "group": "edges",
          "removed": false,
          "selected": false,
          "selectable": true,
          "locked": false,
          "grabbable": true,
          "pannable": true,
          "classes": ""
        },
        {
          "data": {
            "id": "uhyxs442p5",
            "source": "9g1rb2rxt5",
            "target": "kotjm31vdk"
          },
          "position": {
            "x": 0,
            "y": 0
          },
          "group": "edges",
          "removed": false,
          "selected": false,
          "selectable": true,
          "locked": false,
          "grabbable": true,
          "pannable": true,
          "classes": ""
        },
        {
          "data": {
            "id": "eocacuudv8",
            "source": "64lc0zonuu",
            "target": "rogr26k0ca"
          },
          "position": {
            "x": 0,
            "y": 0
          },
          "group": "edges",
          "removed": false,
          "selected": false,
          "selectable": true,
          "locked": false,
          "grabbable": true,
          "pannable": true,
          "classes": ""
        },
        {
          "data": {
            "id": "9sss3dcmss",
            "source": "rogr26k0ca",
            "target": "9g1rb2rxt5"
          },
          "position": {
            "x": 0,
            "y": 0
          },
          "group": "edges",
          "removed": false,
          "selected": false,
          "selectable": true,
          "locked": false,
          "grabbable": true,
          "pannable": true,
          "classes": ""
        },
        {
          "data": {
            "id": "hhgekgkkr0",
            "source": "9g1rb2rxt5",
            "target": "b8rukf20sm"
          },
          "position": {
            "x": 0,
            "y": 0
          },
          "group": "edges",
          "removed": false,
          "selected": false,
          "selectable": true,
          "locked": false,
          "grabbable": true,
          "pannable": true,
          "classes": ""
        },
        {
          "data": {
            "id": "tdd4g2953k",
            "source": "591k4nizoj",
            "target": "o78x4f3fpw"
          },
          "position": {
            "x": 0,
            "y": 0
          },
          "group": "edges",
          "removed": false,
          "selected": false,
          "selectable": true,
          "locked": false,
          "grabbable": true,
          "pannable": true,
          "classes": ""
        },
        {
          "data": {
            "id": "djs8rdnju9",
            "source": "l68q24zfrg",
            "target": "omghnpt8gt"
          },
          "position": {
            "x": 0,
            "y": 0
          },
          "group": "edges",
          "removed": false,
          "selected": false,
          "selectable": true,
          "locked": false,
          "grabbable": true,
          "pannable": true,
          "classes": ""
        },
        {
          "data": {
            "id": "wrrhe0voj5",
            "source": "6ounnfojy0",
            "target": "q3tujxeb1w"
          },
          "position": {
            "x": 0,
            "y": 0
          },
          "group": "edges",
          "removed": false,
          "selected": false,
          "selectable": true,
          "locked": false,
          "grabbable": true,
          "pannable": true,
          "classes": ""
        },
        {
          "data": {
            "id": "3but6vspzn",
            "source": "o78x4f3fpw",
            "target": "b03wrisvgh"
          },
          "position": {
            "x": 0,
            "y": 0
          },
          "group": "edges",
          "removed": false,
          "selected": false,
          "selectable": true,
          "locked": false,
          "grabbable": true,
          "pannable": true,
          "classes": ""
        },
        {
          "data": {
            "id": "h8h5z6rvpi",
            "source": "591k4nizoj",
            "target": "70xyz374za"
          },
          "position": {
            "x": 0,
            "y": 0
          },
          "group": "edges",
          "removed": false,
          "selected": false,
          "selectable": true,
          "locked": false,
          "grabbable": true,
          "pannable": true,
          "classes": ""
        },
        {
          "data": {
            "id": "9mhrhnkq9m",
            "source": "q3tujxeb1w",
            "target": "hwm8kns5vd"
          },
          "position": {
            "x": 0,
            "y": 0
          },
          "group": "edges",
          "removed": false,
          "selected": false,
          "selectable": true,
          "locked": false,
          "grabbable": true,
          "pannable": true,
          "classes": ""
        },
        {
          "data": {
            "id": "a71nz4dxcz",
            "source": "rcbpcr6g10",
            "target": "l68q24zfrg"
          },
          "position": {
            "x": 0,
            "y": 0
          },
          "group": "edges",
          "removed": false,
          "selected": false,
          "selectable": true,
          "locked": false,
          "grabbable": true,
          "pannable": true,
          "classes": ""
        }
      ]
    },
    "data": {},
    "zoomingEnabled": true,
    "userZoomingEnabled": true,
    "zoom": 1,
    "minZoom": 1e-50,
    "maxZoom": 1e+50,
    "panningEnabled": true,
    "userPanningEnabled": true,
    "pan": {
      "x": 0,
      "y": 0
    },
    "boxSelectionEnabled": true,
    "renderer": {
      "name": "null"
    }
  },
  "flowColor": "#E3F0FF",
  "connectorIds": [
    "pingOneSSOConnector",
    "errorConnector",
    "httpConnector",
    "variablesConnector",
    "annotationConnector",
    "pingOneMfaConnector"
  ],
  "savedDate": 1665698286204,
  "variables": [
    {
      "context": "flowInstance",
      "createdDate": 1660084323375,
      "customerId": "80009e32ab4b6770aa70959a9efab032",
      "fields": {
        "type": "string",
        "displayName": "",
        "mutable": true,
        "min": 0,
        "max": 2000
      },
      "type": "property",
      "visibility": "private",
      "name": "agreementId##SK##flowInstance",
      "companyId": "b7848c51-0711-4f1e-891a-dd8c0b75ceeb"
    },
    {
      "context": "flowInstance",
      "createdDate": 1660084323368,
      "customerId": "80009e32ab4b6770aa70959a9efab032",
      "fields": {
        "type": "string",
        "displayName": "",
        "mutable": true,
        "min": 0,
        "max": 2000
      },
      "type": "property",
      "visibility": "private",
      "name": "populationId##SK##flowInstance",
      "companyId": "b7848c51-0711-4f1e-891a-dd8c0b75ceeb"
    }
  ],
  "connections": []
}